<?xml version="1.0" encoding="UTF-8"?>
<project-private xmlns="http://www.netbeans.org/ns/project-private/1">
    <editor-bookmarks xmlns="http://www.netbeans.org/ns/editor-bookmarks/2" lastBookmarkId="0"/>
    <open-files xmlns="http://www.netbeans.org/ns/projectui-open-files/2">
        <group>
            <file>file:/C:/Users/PRAGATI%20KUMARI/Documents/NetBeansProjects/foodmania/web/bedit.jsp</file>
            <file>file:/C:/Users/PRAGATI%20KUMARI/Documents/NetBeansProjects/foodmania/web/bdel.jsp</file>
            <file>file:/C:/Users/PRAGATI%20KUMARI/Documents/NetBeansProjects/foodmania/web/iedit.jsp</file>
            <file>file:/C:/Users/PRAGATI%20KUMARI/Documents/NetBeansProjects/foodmania/web/hedit.jsp</file>
            <file>file:/C:/Users/PRAGATI%20KUMARI/Documents/NetBeansProjects/foodmania/web/oupdate.jsp</file>
        </group>
    </open-files>
</project-private>
